J,Predicted_Mass_GeV,Mass_Uncertainty_GeV,M2_GeV2,M2_Uncertainty_GeV2,Kappa,Confidence_Level
11.5,3.8777432214772505,0.8303337656842151,15.036892491712765,6.439642262891289,0.25,0.68
12.5,4.048308207237084,0.8942454060805108,16.388799340783134,7.240362033439582,0.25,0.68
13.5,4.211971769831026,0.9547282635855114,17.740706189853505,8.042576988163937,0.25,0.68
14.5,4.369509473490573,1.0122280778219621,19.09261303892386,8.845880350752433,0.25,0.68
15.5,4.521561664734236,1.0671092236176567,20.444519887994232,9.65000031518782,0.25,0.68
